time,name,sha256,note
2026-10-06T14:11:10,misc_haybale,db850743b830eb0cbfc3d4d229e052819254e24b390cea2c81ea9b411a27e80c,"c22 (7c791dc+lipdrop): ronde kap v1-v7, schone rand, geen druipers; Opus 6 okt"
2026-10-06T14:35:27,stone4,0a1cfe907b6cadbc8527f948b81c74d0a152d84a15a29167e3d24d6c93aaa839,"c24: rotsstap 30-40 cm (66-76 gr) blijft bij v1-v4 kaal (realistisch), kussens rollen schoon over de randen, v5-v7 dicht; geen druipers"
2026-10-06T14:35:27,garbage_bin,bf873f4560246bf20f0fd810cec00b7802bdecf3904989dded5e462f1a1b64ed,"c23 recept deksel-only: kussen rolt over het hengsellipje en de romprand, groeit netjes v1-v7, geen spikkels of oren"
2026-10-06T14:35:27,misc_bench4,5e2334c15c22083848c2b88c1dd4adda4435b666216f7305714f3b4c8c9cc0c2,"c23 recept: zitting + bovenste rugleuning, rug geblokkeerd; geen marshmallow, kussens groeien v1-v7, frames kaal"
2026-10-06T14:37:53,stone5,9b9582a9f2cd75de52500e79d72644569645f4b29b94182bc0e429c444d8d009,"r10: gladde kap rolt over de rand, groeit v1-v7; rafelige onderrand volgt de facetten van de rots (natuurlijk), klein kaal knobbeltje rechts bij v1"
2026-10-06T14:38:15,wall_forfieldfen_1,9872737dd290e4e1198a08ebb27352422cf739ed041c52584fa4db38c7fe189d,"r10: gladde ruggen op de drie liggers, paaltop-kussen rolt licht over (mini-lipje bij v7), schone uiteinden, groeit v1-v7"
2026-10-06T14:38:30,wall_indcnc_4,81d0d0387effbca5c00e866d7e281772fa910c1df9c5fb71e217ace80826bcbb,"r10: ronde rug op de muurkruin en kussens op de palen, groeit v1-v7, licht hobbelig (natuurlijk), geen druipers"
2026-10-06T14:39:13,wall_fenr_3,b21becf4aff999f99c76f4548ddbc34af55988f76fc7087e36d8b591392e1417,"r10: kussen op de betonvoet groeit v1-v7 met de onderste draadligger erin ingebed, paaltop-kussen, dunne draden kaal (realistisch)"
2026-10-06T14:39:40,wall_wood2_5,e7f832f8f238095aa631ffd640f7c9bb8282b3d57c5b03b7d17a7b9ce88ada8b,"r10 recept: losse kussentjes op de plankkoppen (breedte-begrensd, 1,5 -> 2,8 cm), ruggen op beide liggers met beschutting, paalkap; open kieren blijven open"
2026-10-06T14:39:40,wall_wood2_5_nolc,e7f832f8f238095aa631ffd640f7c9bb8282b3d57c5b03b7d17a7b9ce88ada8b,"r10 recept: losse kussentjes op de plankkoppen (breedte-begrensd, 1,5 -> 2,8 cm), ruggen op beide liggers met beschutting, paalkap; open kieren blijven open (lid van wall_wood2_5)"
2026-10-06T14:40:05,wall_vilvar2_4_2,85a080f110f74b890d465b7ebea15c0d44a69cf1aa38f8eafa3140d2436454d1,"r10 recept: kussentjes op de plankkoppen (breedte-begrensd), ruggen op beide liggers, paalkap; geen druipers, kieren open"
2026-10-06T14:40:17,wall_vilvar2_4,d6f1ae2c40fdfb5cadce84ffd969b1423ad161e2e0c2ee19c3887ba808f8d7f5,"r10 recept: kussentjes op de plankkoppen, ruggen op beide liggers, paalkap; geen druipers, kieren open"
2026-10-06T14:40:17,wall_feng_3,e26f3a3dcd128641360d5bfac550c8581a6cecf9b7a035acb759f576eee8c696,"r10: kussen op de betonvoet met de onderste ligger ingebed, groeit v1-v7; paaltop-kussen met korte lip bij v7; draden kaal"
2026-10-06T14:40:27,wall_woodvil_4,8d7dc951cd813c2b66b0ab2302954fae79bfe929c84e334ecd7a870d67a289b0,"r10 recept: kussentjes op de latkoppen, ruggen op beide liggers, paalkap; kieren open, geen druipers"
2026-10-06T14:40:27,wall_wood1_5,e5c392803f0cb1cac052f8383d140ba4195c762598cb0e83fb3ac6e39a3e0adc,"r10 recept: kussentjes op de latkoppen (breedte-begrensd), ruggen op beide liggers; kieren open, geen druipers"
2026-10-06T14:40:37,wall_woodvil_4_2,c888cee69aab0a630eaeb559fa96770b704363686d9ab0d3a24e35f439acb804,"r10 recept: kussentjes op de latkoppen, ruggen op beide liggers, paalkap; kieren open"
2026-10-06T14:40:37,wall_wood1d_5,7eafab631f1b68841bc0076415292cede990ebc40be91d1a1476f004e9f04398,"r10 recept: kussentjes op de latkoppen, ruggen op beide liggers; gebroken latten kaal op hun breuk; geen druipers"
2026-10-06T14:40:53,wall_vilvar1_6,4f9c32f703024068425a945cbd90f5cb1d92461a0c41042c8e82a533d947431b,"r10 recept: puntlatten kaal (puntig), ruggen op beide liggers, paalkappen groeien v1-v7; geen druipers"
2026-10-06T14:41:20,wall_wood3_4,7fe892eda94d8d13ec88c9930c407ce244dc05936261e97332a092675b1e11c3,"r10 recept: pijlerkap rolt over, strook op de voetmuur tussen de latvoeten, kussentjes op de latkoppen, ruggen op de liggers; groeit v1-v7"
2026-10-06T14:41:29,wall_wood1_5_2,c391eb3622043a021b61e83c96e0cafa743cfb81af97f3ef3f86fa78d4c853b7,"r10 recept: kussentjes op de latkoppen, ruggen op beide liggers; kieren open, geen druipers"
2026-10-06T14:41:30,wall_cbrk_5,4f7cc7cf26886785a971a36b67080571a396ed9ef8e33496f256cfae3cad428d,"r10: kussen op de muurkap rolt over de afdekrand, licht golvend, groeit v1-v7; geen druipers"
2026-10-06T14:41:44,wall_vilvar2_4_d,71b6983740a9a8eb1d69d93fe90e42c2feef5b6fe8ff31dcd035ebb9e8696b8b,"r10 recept: kussentjes op de plankkoppen, paalkap, dunne rug op de gevallen ligger; geen druipers"
2026-10-06T14:42:01,wall_railing_2,5061f225aed8df41fe2cc8d8d47078ad0525d48027cae047af175a61b86bd7a2,"r10 recept: gladde rug op beide buisliggers met ronde eindjes (breedte-begrensd), staanders kaal"
2026-10-06T14:42:01,wall_railing_2_slope,5061f225aed8df41fe2cc8d8d47078ad0525d48027cae047af175a61b86bd7a2,"r10 recept: gladde rug op beide buisliggers met ronde eindjes (breedte-begrensd), staanders kaal (lid van wall_railing_2)"
2026-10-06T14:42:01,wall_railing_1_slope,5061f225aed8df41fe2cc8d8d47078ad0525d48027cae047af175a61b86bd7a2,"r10 recept: gladde rug op beide buisliggers met ronde eindjes (breedte-begrensd), staanders kaal (lid van wall_railing_2)"
2026-10-06T14:42:01,wall_railing_1,5061f225aed8df41fe2cc8d8d47078ad0525d48027cae047af175a61b86bd7a2,"r10 recept: gladde rug op beide buisliggers met ronde eindjes (breedte-begrensd), staanders kaal (lid van wall_railing_2)"
2026-10-06T14:42:01,wall_indfnc_3_d,c9d046e9742168193177bdf50e3b29c7239c1d53c80915388b00190f2534840e,"r10: kap op het geknikte paaleinde, op het schuine stuk dikker; korte natuurlijke afglijlip bij v4"
2026-10-06T14:42:12,wall_indfnc_3,5f23a46621055f1275cbf33e9fccdceaa91b0ab8f162c8239466d6920183f86a,"r10: kap op het geknikte paaleinde, op het schuine stuk dikker en licht hobbelig; korte afglijlip bij v4"
2026-10-06T14:48:38,wall_woodf_5,e5673ee44192c3b97971905b2d67965b2ff396a72e4835e1215816c1b83d976a,c25 recept: ruggen op beide liggers en de schoor; paaltop-dekentjes alleen waar geen ligger op rust (H.post_tops): flens op de kruising weg
2026-10-06T14:48:38,wall_woodf_5_2,9adb62b86ce76a6b589aada899fdaf54e1259fbef6ba4b80d5afc89aa82fd7da,"c25 recept: ruggen op beide liggers en de schoor; paaltop onder de ligger aan de log-rug gelaten, geen flens meer"
2026-10-06T14:48:38,wall_fen1_5_2,42ec8093c9c56e12042ff3bb7e44384326e7008cfda24e8d694856ff3ef1e71b,"c25 recept: paaltop-kapje vanaf v1 (5 mm raster), groeit tot een kleine kap; zijkanten kaal"
2026-10-06T14:48:38,wall_tin_4,14ec7f3df324cc9ac703ecab74966e59d457f896b4aef87d926c21ee53a57b9e,c25 recept: kapjes op beide paaltoppen vanaf v1; golfplaatrand (1 mm) en de liggers achter de platen kaal
2026-10-06T14:48:55,wall_woodf_5_end,025b7ebf7755483fce999afc669644b37bdf7f02f150f8f18eb83fa00288cc0b,"c25 recept: ruggen op beide liggers (bovenaanzicht gecontroleerd: dicht vanaf v1, schaduwzijde oogt donker), paaltop onder ligger aan de rug gelaten"
2026-10-06T14:49:22,misc_pallets3,d0a63c981e89a87e9de097bde37e6c471ae6e5ce69207401bdee5e1e327dc9ed,"c25 recept: alleen de bovenste pallet; per plank een rug bij v1-v2, vanaf v3 een dek-kussen dat schoon over de randen rolt; geen gordijnen of linten meer"
2026-10-06T14:49:22,wall_forfieldfen_2,d3be53a0f5e42c3aec49d55db7a9032f8273120393699399f2139e6151020529,c25: onderste ligger krijgt nu ook een (beschutte) rug via de scheve-hemeltoets; paaltop-kussen; groeit v1-v7
2026-10-06T14:54:54,misc_woodtable_outdoor,4f9a729b84288c532ffd7d928c49f4bd30252afed1de451ef419cdf2961d5c06,"c25 recept: kussens op blad en beide banken, frames/kruisbalken kaal; geen knobbels meer, blad en banken blijven gescheiden (laag v7)"
2026-10-06T14:54:54,wall_fen1_5,1aae0f93279c6812cdbc5715ee33524f12c5cdd86ad18f97a3408513f29d260c,"c25 recept: paaltop-kapje vanaf v1, groeit tot kleine kap; zijkanten kaal"
2026-10-06T14:59:45,misc_pallets1,8d6845783029efb7ba706b2705d7c8d549c6a3f9624ab00bbf82611e4b1663b0,"c27 recept: twee aparte kappen (H.separate) voor de schuine en de liggende pallet; geen marshmallow meer, spleet eronder open; v1-v2 per plank een rug"
2026-10-06T14:59:45,misc_pallets2,2d5b5e99c4b62d93b15643731b63d48e0b96c387d655b75219b491fb0d83eedc,"c27 recept: twee aparte kappen (H.separate); geen marshmallow of gordijn meer, spleet open; groeit v1-v7"
